{
	"configurations" : 
	[
		{
			"directories" : 
			[
				{
					"build" : ".",
					"jsonFile" : "directory-.-Debug-d0094a50bb2071803777.json",
					"minimumCMakeVersion" : 
					{
						"string" : "3.16"
					},
					"projectIndex" : 0,
					"source" : ".",
					"targetIndexes" : 
					[
						0,
						1,
						2
					]
				}
			],
			"name" : "Debug",
			"projects" : 
			[
				{
					"directoryIndexes" : 
					[
						0
					],
					"name" : "MillionaireClient",
					"targetIndexes" : 
					[
						0,
						1,
						2
					]
				}
			],
			"targets" : 
			[
				{
					"directoryIndex" : 0,
					"id" : "MillionaireClient::@6890427a1f51a3e7e1df",
					"jsonFile" : "target-MillionaireClient-Debug-78ab3d8e803adb2a1aa2.json",
					"name" : "MillionaireClient",
					"projectIndex" : 0
				},
				{
					"directoryIndex" : 0,
					"id" : "MillionaireClient_autogen::@6890427a1f51a3e7e1df",
					"jsonFile" : "target-MillionaireClient_autogen-Debug-8ce15929e20d2d5b1058.json",
					"name" : "MillionaireClient_autogen",
					"projectIndex" : 0
				},
				{
					"directoryIndex" : 0,
					"id" : "MillionaireClient_autogen_timestamp_deps::@6890427a1f51a3e7e1df",
					"jsonFile" : "target-MillionaireClient_autogen_timestamp_deps-Debug-ff17e137f2648792fdbc.json",
					"name" : "MillionaireClient_autogen_timestamp_deps",
					"projectIndex" : 0
				}
			]
		}
	],
	"kind" : "codemodel",
	"paths" : 
	{
		"build" : "C:/Users/admin/Desktop/LTM_HW/Project102/LTM_Group04/client/qt6/build/Desktop_Qt_6_10_1_MinGW_64_bit-Debug",
		"source" : "C:/Users/admin/Desktop/LTM_HW/Project102/LTM_Group04/client/qt6"
	},
	"version" : 
	{
		"major" : 2,
		"minor" : 7
	}
}
