{
	"BUILD_DIR" : "C:/Users/admin/Desktop/LTM_HW/Project102/LTM_Group04/client/qt6/build/Desktop_Qt_6_10_1_MinGW_64_bit-Debug/MillionaireClient_autogen",
	"CMAKE_BINARY_DIR" : "C:/Users/admin/Desktop/LTM_HW/Project102/LTM_Group04/client/qt6/build/Desktop_Qt_6_10_1_MinGW_64_bit-Debug",
	"CMAKE_CURRENT_BINARY_DIR" : "C:/Users/admin/Desktop/LTM_HW/Project102/LTM_Group04/client/qt6/build/Desktop_Qt_6_10_1_MinGW_64_bit-Debug",
	"CMAKE_CURRENT_SOURCE_DIR" : "C:/Users/admin/Desktop/LTM_HW/Project102/LTM_Group04/client/qt6",
	"CMAKE_SOURCE_DIR" : "C:/Users/admin/Desktop/LTM_HW/Project102/LTM_Group04/client/qt6",
	"CROSS_CONFIG" : false,
	"GENERATOR" : "Ninja",
	"INCLUDE_DIR" : "C:/Users/admin/Desktop/LTM_HW/Project102/LTM_Group04/client/qt6/build/Desktop_Qt_6_10_1_MinGW_64_bit-Debug/MillionaireClient_autogen/include",
	"INPUTS" : 
	[
		"C:/Users/admin/Desktop/LTM_HW/Project102/LTM_Group04/client/qt6/qml/HomeScreen.qml",
		"C:/Users/admin/Desktop/LTM_HW/Project102/LTM_Group04/client/qt6/qml/GameModeSelection.qml",
		"C:/Users/admin/Desktop/LTM_HW/Project102/LTM_Group04/client/qt6/qml/QuickModeGame.qml",
		"C:/Users/admin/Desktop/LTM_HW/Project102/LTM_Group04/client/qt6/qml/LoseScreen.qml",
		"C:/Users/admin/Desktop/LTM_HW/Project102/LTM_Group04/client/qt6/qml/Signup.qml",
		"C:/Users/admin/Desktop/LTM_HW/Project102/LTM_Group04/client/qt6/qml/ChatScreen.qml",
		"C:/Users/admin/Desktop/LTM_HW/Project102/LTM_Group04/client/qt6/qml/Signin.qml",
		"C:/Users/admin/Desktop/LTM_HW/Project102/LTM_Group04/client/qt6/qml/ProfileScreen.qml",
		"C:/Users/admin/Desktop/LTM_HW/Project102/LTM_Group04/client/qt6/qml/FriendsList.qml",
		"C:/Users/admin/Desktop/LTM_HW/Project102/LTM_Group04/client/qt6/qml/WinScreen.qml",
		"C:/Users/admin/Desktop/LTM_HW/Project102/LTM_Group04/client/qt6/qml/OneVNMode.qml",
		"C:/Users/admin/Desktop/LTM_HW/Project102/LTM_Group04/client/qt6/qml/main.qml",
		"C:/Users/admin/Desktop/LTM_HW/Project102/LTM_Group04/client/qt6/qml/SplashScreen.qml",
		"C:/Users/admin/Desktop/LTM_HW/Project102/LTM_Group04/client/qt6/qml/LeaderboardScreen.qml",
		"C:/Users/admin/Desktop/LTM_HW/Project102/LTM_Group04/client/qt6/qml/components/CustomTextField.qml",
		"C:/Users/admin/Desktop/LTM_HW/Project102/LTM_Group04/client/qt6/qml/components/SocialIconButton.qml",
		"C:/Users/admin/Desktop/LTM_HW/Project102/LTM_Group04/client/qt6/qml/components/GameOptionButton.qml",
		"C:/Users/admin/Desktop/LTM_HW/Project102/LTM_Group04/client/qt6/qml/components/ToastMessage.qml",
		"C:/Users/admin/Desktop/LTM_HW/Project102/LTM_Group04/client/qt6/qml/components/CustomCheckBox.qml",
		"C:/Users/admin/Desktop/LTM_HW/Project102/LTM_Group04/client/qt6/qml/components/PasswordStrengthIndicator.qml"
	],
	"LOCK_FILE" : "C:/Users/admin/Desktop/LTM_HW/Project102/LTM_Group04/client/qt6/build/Desktop_Qt_6_10_1_MinGW_64_bit-Debug/CMakeFiles/MillionaireClient_autogen.dir/AutoRcc_qml_EWIEGA46WW_Lock.lock",
	"MULTI_CONFIG" : false,
	"OPTIONS" : [ "--no-zstd", "-name", "qml" ],
	"OUTPUT_CHECKSUM" : "EWIEGA46WW",
	"OUTPUT_NAME" : "qrc_qml.cpp",
	"RCC_EXECUTABLE" : "C:/Qt/6.10.1/mingw_64/bin/rcc.exe",
	"RCC_LIST_OPTIONS" : [ "--list" ],
	"SETTINGS_FILE" : "C:/Users/admin/Desktop/LTM_HW/Project102/LTM_Group04/client/qt6/build/Desktop_Qt_6_10_1_MinGW_64_bit-Debug/CMakeFiles/MillionaireClient_autogen.dir/AutoRcc_qml_EWIEGA46WW_Used.txt",
	"SOURCE" : "C:/Users/admin/Desktop/LTM_HW/Project102/LTM_Group04/client/qt6/qml.qrc",
	"USE_BETTER_GRAPH" : true,
	"VERBOSITY" : 0
}
